0|Детектив Конан|1037 серия|http://seasonvar.ru/serial-20574-Detektiv_Konan.html|8.4|11099|2022-02-05
1|Сильнейший мудрец низшей эмблемы|5 серия|http://seasonvar.ru/serial-32028-Sil_nejshij_mudretc_nizshej_emblemy.html|||2022-02-05
2|Ясяхимэ: Принцесса-полудемон/ Принцессы-полудемоны|18 серия|http://seasonvar.ru/serial-30842-YAsyahime_Printcessa-poludemon-2-season.html|7.2|859|2022-02-05
3|Космобой|1-6 серия|http://seasonvar.ru/serial-32237-Kosmoboj-3-season.html|7.9|1188|2022-02-05
4|Мятежник/ Бунтарь|21-22 серия|http://seasonvar.ru/serial-30119-Myatezhnik.html|8.4|72|2022-02-05
5|Незабываемая любовь|11-12 серия|http://seasonvar.ru/serial-30756-Nezabyvaemaya_lyubov_.html|8.4|260|2022-02-05
6|Мой героический муж/ Супер зять|27-28 серия|http://seasonvar.ru/serial-28983-Moj_geroicheskij_muzh.html|||2022-02-05
7|Дорогой, любимый/ Вперед, Кальмар!|31-32 серия|http://seasonvar.ru/serial-29332-Dorogoj_lyubimyj-2-season.html|||2022-02-05
8|Аромат жасмина|33-36 серия|http://seasonvar.ru/serial-26804-Aromat_zhasmina.html|||2022-02-05
9|Команда Турбо|сезон полностью|http://seasonvar.ru/serial-32215-Komanda_Turbo-3-season.html|6.4|570|2022-02-05
10|Засуха|2 серия (Субтитры VP)|http://seasonvar.ru/serial-32119-Zasu.html|7.3|27|2022-02-05
11|Неверный|47 серия (Гайдаржи)|http://seasonvar.ru/serial-27485-Nevernyj.html|6.5|1567|2022-02-05
12|Одинокий волк (Турция)|2 серия|http://seasonvar.ru/serial-32198-Odinokij_volk_Turtciya.html|||2022-02-05
13|Девяностые|1-61 серия|http://seasonvar.ru/serial-15680-Devyanostye_psmbnkz.html|||2022-02-05
14|Зеркальные города-близнецы|1-9 серия|http://seasonvar.ru/serial-32236-Zerkal_nye_goroda-bliznetcy.html|||2022-02-05
15|Озарк|5 серия (LostFilm)|http://seasonvar.ru/serial-31253-Ozark-4-season.html|8.4|192678|2022-02-05
16|Мерли: Решись быть мудрым|4-5 серия (Странные миры)|http://seasonvar.ru/serial-29212-Merli_Reshis__byt__mudrym-2-season.html|7.6|1266|2022-02-05
17|Смерть в раю|5 серия (BaibaKo)|http://seasonvar.ru/serial-31896-Smert__v_rayu-11-season.html|7.8|15063|2022-02-05
18|Милые магнолии|11 серия|http://seasonvar.ru/serial-32148-Milye_magnolii-2-season.html|7.4|12077|2022-02-05
19|Смерть в раю|5 серия (Ultradox)|http://seasonvar.ru/serial-31896-Smert__v_rayu-11-season.html|7.8|15063|2022-02-05
20|Волшебный повар льда и пламени|10 серия|http://seasonvar.ru/serial-31809-Volshebnyj_povar_l_da_i_plameni.html|||2022-02-05
21|Драгон Квест: Приключения Дая|68 серия|http://seasonvar.ru/serial-27408-Dragon_Kvest_Priklyucheniya_Daya.html|||2022-02-05
22|Пришелец-постоялец/ Засланец из космоса|2 серия (LostFilm)|http://seasonvar.ru/serial-29446-Prisheletc-postoyaletc_psvfeik-2-season.html|8.2|29582|2022-02-05
23|Боевой континент|194 серия|http://seasonvar.ru/serial-21815-Boevoj_kontinent.html|||2022-02-05
24|Ракетостроители|7-8 серия|http://seasonvar.ru/serial-32235-Raketostroiteli.html|||2022-02-05
25|Последний министр|12 серия|http://seasonvar.ru/serial-28559-Poslednij_ministr-2-season.html|6.9|355|2022-02-05
26|Ракетостроители|1-3,5,6 серия|http://seasonvar.ru/serial-32235-Raketostroiteli.html|||2022-02-05
27|Знак!|5 серия|http://seasonvar.ru/serial-32008-Znak.html|||2022-02-05
